USE ticket_booking;
 Insert into bus_info (Bus_number, Available_seats, Booked_seats, Departure_time, Arrival_time, Bus_type, pickup_point, Destination, Total_seats, seat_price, conductor_id, driver_id) values 
 ('AG231','40','0','12:30 pm','5:30 am','Economy','Rawalpindi','Khairpur','40','2800','C2','D2'),
('EA123','40','0','17:30 pm','10:30 am','Business Class','Rawalpindi','Karachi','40','5500','C3','D3'),
('LS170','40','0','21:30 pm','15:30 pm','Executive Class','Rawalpindi','Karachi','40','3800','C4','D4'),
('UE100','40','0','9:30 am','23:30 pm','Standard','Rawalpindi','Karachi','40','3300','C1','D1');

Insert into driver (driver_id, first_name, last_name, contact, Bus_number) values 
 ('D1','Imtiaz','Shaikh','155988320','UE100'),
 ('D2','Amjad','khan','252508731','AG231'),
 ('D3','khawar','Abbasi','335928360','EA123'),
 ('D4','Mumtaz','khan','107831320','LS170');

Insert into conductor (conductor_id, first_name, last_name, contact, Bus_number) values 
 ('C1','Majid','Golo','139843257','AG231'), 
 ('C2','Akbar','Satti','186437652','EA123'), 
 ('C3','Shah','Naseem','239829278','LS170'),
 ('C4','Nasir','Ahmed','242676782','UE100'); 
 
 Insert into Route_Info (Bus_number, Pickup_point, Destination, Route_id) values 
 ('AG231','Rawalpindi','Khairpur','R2'),
 ('EA123','Rawalpindi','Karachi','R3'),
 ('LS170','Rawalpindi','Karachi','R4'),
 ('UE100','Rawalpindi','Karachi','R1');
 
  Insert into Passenger_Info (Passenger_id, cnic, first_name, last_name, contact, address, gender, age, Bus_number) values 
  (1,'33880918','SUMERA','Memon','3008647070','243-BADAR BLOCK IQBAL TOWN','Female',32,'AG231'),
 (2,33302-2225261-7 ,'SHAUKAT', 'ALI','3216484950','AMERICAN EXPRESS BANK ','Male',41,'EA123'),
 (3,27275-6157823-6   ,'NAUSHEEN','SHEIKH','3338111277','H/NO 58, MAIN JINNAH ROAD','Female',37,'EA123'),
 (4,269-79-447603 ,'MUHAMMAD','SHEHBAZ','3338112774','AVENUE ,CANAL BANK, GULBERG -4','Male',27,'UE100'),
 (5,35202-2575436-1,'MUHAMMAD', 'SULTAN','3216420000','54/17 TEMPLE ROAD LAHORE','Male',19,'EA123'),
 (6,272-75-386737,'MUNTAZIR','MEHDI','3006445900','H.NO.11 BLOCK NO.10 TOWN SHIP','Male',20,'EA123'),
 (7,35201-7168048-3,'MUHAMMAD','AZEEM','3008649722','5-A 2,TIPU HOUSE,SHABIR ROAD','Male',30,'LS170'),
 (8,279-74-805103,'KHALID' ,'ZUBAIR','3008646200','H.NO.36,SIDDIQUE STREET #52','Male',23,'UE100'),
 (9,71103-2474952-3,'NAJAF','ALI','3216441313','150-SHAH JAMALLAHORE','Male',56,'AG231'),
 (10,61101-1851248-6,'SAMINA','SHEIKH','3008640625','301-IMTIAZ PLAZA,85 MALL ROAD','Female','25','EA123'),
 (11,35202-7313316-8,'SANA','JAVED','3338229980','1/C,AGA KHAN DURAND ROAD','Female','27','UE100'),
 (12,71103-2474952-3,'Mohtasim','ALI','3330015670','H#6 STREET#90 NISBET ROAD','Male','43','UE100'),
 (13,35201-9600191-9,'MANZOOR','HUSSAIN','3018643620','250/2 IQBALROAD MUSTAFABAD','Male','28','AG231'),
 (14,267-91-486112,'SHAHNAZ','QAYYUM','3008740098','FLAT NO A-3, NAZIMABAD','Female','23','EA123'),
 (15,43104-2657948-3,'MUHAMMAD','SADIQ','3008644039','ST.NO.3 WALTON ROADLAHORE','Male','28','EA123'),
 (16,35201-7148794-7,'MUZAMMIL','HAMEED','3009649927','250/2 IQBALROAD MUSTAfaBAD','Male','32','UE100'),
 (17,273-47-138955,'NASEEM','AKHTAR','3008643693','5-A, NEAR MASJID IBRAHIM','Male','41','AG231'),
 (18,35202-9894660-2,'UZMA','ARIF','3338100635','1/C, KHAN HOUSING DURAND ROAD','Female','24','EA123'),
 (19,750-75-144364,'AMIN','HAYAT','3044510422','Wind ROAD,NOOR COLONY SHAHDARA','Male','47','UE100'),
 (20,35202-2607124-7,'MUHAMMAD','MOAZZAM','3216290823','HAJI GAM,P.O.SKARDU,SKARDU','Male','36','UE100');
 
 
  Insert into seat_info (seat_id, Bus_number) values 
 ('S01','AG231'),
 ('S02','AG231'),
 ('S03','AG231'),
 ('S04','AG231'),
 ('S05','AG231'),
 ('S06','AG231'),
 ('S07','AG231'),
 ('S08','AG231'),
 ('S09','AG231'),
 ('S10','AG231'),
 ('S11','AG231'),
 ('S12','AG231'),
 ('S13','AG231'),
 ('S14','AG231'),
 ('S15','AG231'),
 ('S16','AG231'),
 ('S17','AG231'),
 ('S18','AG231'),
 ('S19','AG231'),
 ('S20','AG231'),
 ('S21','AG231'),
 ('S22','AG231'),
 ('S23','AG231'),
 ('S24','AG231'),
 ('S25','AG231'),
 ('S26','AG231'),
 ('S27','AG231'),
 ('S28','AG231'),
 ('S29','AG231'),
 ('S30','AG231'),
 ('S31','AG231'),
 ('S32','AG231'),
 ('S33','AG231'),
 ('S34','AG231'),
 ('S35','AG231'),
 ('S36','AG231'),
 ('S37','AG231'),
 ('S38','AG231'),
 ('S39','AG231'),
 ('S40','AG231'),
 ('S01','EA123'),
 ('S02','EA123'),
 ('S03','EA123'),
 ('S04','EA123'),
 ('S05','EA123'),
 ('S06','EA123'),
 ('S07','EA123'),
 ('S08','EA123'),
 ('S09','EA123'),
 ('S10','EA123'),
 ('S11','EA123'),
 ('S12','EA123'),
 ('S13','EA123'),
 ('S14','EA123'),
 ('S15','EA123'),
 ('S16','EA123'),
 ('S17','EA123'),
 ('S18','EA123'),
 ('S19','EA123'),
 ('S20','EA123'),
 ('S21','EA123'),
 ('S22','EA123'),
 ('S23','EA123'),
 ('S24','EA123'),
 ('S25','EA123'),
 ('S26','EA123'),
 ('S27','EA123'),
 ('S28','EA123'),
 ('S29','EA123'),
 ('S30','EA123'),
 ('S31','EA123'),
 ('S32','EA123'),
 ('S33','EA123'),
 ('S34','EA123'),
 ('S35','EA123'),
 ('S36','EA123'),
 ('S37','EA123'),
 ('S38','EA123'),
 ('S39','EA123'),
 ('S40','EA123'),
 ('S01','LS170'),
 ('S02','LS170'),
 ('S03','LS170'),
 ('S04','LS170'),
 ('S05','LS170'),
 ('S06','LS170'),
 ('S07','LS170'),
 ('S08','LS170'),
 ('S09','LS170'),
 ('S10','LS170'),
 ('S11','LS170'),
 ('S12','LS170'),
 ('S13','LS170'),
 ('S14','LS170'),
 ('S15','LS170'),
 ('S16','LS170'),
 ('S17','LS170'),
 ('S18','LS170'),
 ('S19','LS170'),
 ('S20','LS170'),
 ('S21','LS170'),
 ('S22','LS170'),
 ('S23','LS170'),
 ('S24','LS170'),
 ('S25','LS170'),
 ('S26','LS170'),
 ('S27','LS170'),
 ('S28','LS170'),
 ('S29','LS170'),
 ('S30','LS170'),
 ('S31','LS170'),
 ('S32','LS170'),
 ('S33','LS170'),
 ('S34','LS170'),
 ('S35','LS170'),
 ('S36','LS170'),
 ('S37','LS170'),
 ('S38','LS170'),
 ('S39','LS170'),
 ('S40','LS170'),
 ('S01','UE100'),
 ('S02','UE100'),
 ('S03','UE100'),
 ('S04','UE100'),
 ('S05','UE100'),
 ('S06','UE100'),
 ('S07','UE100'),
 ('S08','UE100'),
 ('S09','UE100'),
 ('S10','UE100'),
 ('S11','UE100'),
 ('S12','UE100'),
 ('S13','UE100'),
 ('S14','UE100'),
 ('S15','UE100'),
 ('S16','UE100'),
 ('S17','UE100'),
 ('S18','UE100'),
 ('S19','UE100'),
 ('S20','UE100'),
 ('S21','UE100'),
 ('S22','UE100'),
 ('S23','UE100'),
 ('S24','UE100'),
 ('S25','UE100'),
 ('S26','UE100'),
 ('S27','UE100'),
 ('S28','UE100'),
 ('S29','UE100'),
 ('S30','UE100'),
 ('S31','UE100'),
 ('S32','UE100'),
 ('S33','UE100'),
 ('S34','UE100'),
 ('S35','UE100'),
 ('S36','UE100'),
 ('S37','UE100'),
 ('S38','UE100'),
 ('S39','UE100'),
 ('S40','UE100');
 